Workbook

Sheet Tablero
A1: Tablero — Montaje ROV Nivel B (ArduSub / ArduPilot)
A2: Objetivo: llevar el armado correlativo Nivel B hasta pool-ready. | 1 persona, 10–15 h/semana | Horizonte: 12 semanas (S0–S12)
A4: AVANCE GENERAL | D4: GATES
A5: Total de tareas | B5: =COUNTA(Cronograma!A5:A37) -> 33 | D5: Gates cumplidos | E5: =COUNTIF(Gates!D5:D12,"Hecho") -> 0
A6: Hechas | B6: =COUNTIF(Cronograma!I5:I37,"Hecho") -> 0 | D6: Total gates | E6: =COUNTA(Gates!A5:A12) -> 8
A7: En curso | B7: =COUNTIF(Cronograma!I5:I37,"En curso") -> 0 | D7: % Gates | E7: =IF(E6=0,0,E5/E6) -> 0
A8: Bloqueadas | B8: =COUNTIF(Cronograma!I5:I37,"Bloqueado") -> 0
A9: Pendientes | B9: =COUNTIF(Cronograma!I5:I37,"Pendiente") -> 33 | D9: RIESGOS ALTOS
A10: % Completado | B10: =IF(B5=0,0,B6/B5) -> 0 | D10: Riesgos de impacto Alto | E10: =COUNTIF(Riesgos!C5:C11,"Alto") -> 3
A12: AVANCE POR FASE
A13: Fase | B13: Descripción | C13: Semanas | D13: Tareas | E13: Hechas | F13: % Avance
A14: A | B14: Diseño / BOM | C14: S0 | D14: =COUNTIF(Cronograma!$A$5:$A$37,$A14&"*") -> 1 | E14: =COUNTIFS(Cronograma!$A$5:$A$37,$A14&"*",Cronograma!$I$5:$I$37,"Hecho") -> 0 | F14: =IF(D14=0,0,E14/D14) -> 0
A15: B | B15: Compras | C15: S1–S4 | D15: =COUNTIF(Cronograma!$A$5:$A$37,$A15&"*") -> 4 | E15: =COUNTIFS(Cronograma!$A$5:$A$37,$A15&"*",Cronograma!$I$5:$I$37,"Hecho") -> 0 | F15: =IF(D15=0,0,E15/D15) -> 0
A16: C | B16: Control BlueOS / ArduSub | C16: S2–S3 | D16: =COUNTIF(Cronograma!$A$5:$A$37,$A16&"*") -> 7 | E16: =COUNTIFS(Cronograma!$A$5:$A$37,$A16&"*",Cronograma!$I$5:$I$37,"Hecho") -> 0 | F16: =IF(D16=0,0,E16/D16) -> 0
A17: D | B17: Potencia y sensores | C17: S4 | D17: =COUNTIF(Cronograma!$A$5:$A$37,$A17&"*") -> 5 | E17: =COUNTIFS(Cronograma!$A$5:$A$37,$A17&"*",Cronograma!$I$5:$I$37,"Hecho") -> 0 | F17: =IF(D17=0,0,E17/D17) -> 0
A18: E | B18: Propulsión | C18: S5–S6 | D18: =COUNTIF(Cronograma!$A$5:$A$37,$A18&"*") -> 4 | E18: =COUNTIFS(Cronograma!$A$5:$A$37,$A18&"*",Cronograma!$I$5:$I$37,"Hecho") -> 0 | F18: =IF(D18=0,0,E18/D18) -> 0
A19: F | B19: Mecánica / estanqueidad | C19: S7–S8 | D19: =COUNTIF(Cronograma!$A$5:$A$37,$A19&"*") -> 4 | E19: =COUNTIFS(Cronograma!$A$5:$A$37,$A19&"*",Cronograma!$I$5:$I$37,"Hecho") -> 0 | F19: =IF(D19=0,0,E19/D19) -> 0
A20: G | B20: Pileta / validación | C20: S9–S10 | D20: =COUNTIF(Cronograma!$A$5:$A$37,$A20&"*") -> 5 | E20: =COUNTIFS(Cronograma!$A$5:$A$37,$A20&"*",Cronograma!$I$5:$I$37,"Hecho") -> 0 | F20: =IF(D20=0,0,E20/D20) -> 0
A21: H | B21: Documentación / handoff | C21: S11–S12 | D21: =COUNTIF(Cronograma!$A$5:$A$37,$A21&"*") -> 3 | E21: =COUNTIFS(Cronograma!$A$5:$A$37,$A21&"*",Cronograma!$I$5:$I$37,"Hecho") -> 0 | F21: =IF(D21=0,0,E21/D21) -> 0
A23: TOTAL | D23: =SUM(D14:D21) -> 33 | E23: =SUM(E14:E21) -> 0 | F23: =IF(D23=0,0,E23/D23) -> 0

Sheet Cronograma
A1: Cronograma — Montaje ROV Nivel B (ArduSub / ArduPilot)
A2: Alcance: armado correlativo Nivel B hasta pool-ready. No incluye certificación 100–200 m ni modificación del FIFISH V6. | 1 persona a tiempo parcial, 10–15 h/semana | Estado: Draft listo para ejecutar
A4: ID | B4: Fase | C4: Tarea | D4: Resp. | E4: Duración | F4: Dep. | G4: Materiales / requerimientos | H4: Evidencia / Gate | I4: Estado | J4: Ini | K4: Fin | L4: 0 | M4: 1 | N4: 2 | O4: 3 | P4: 4 | Q4: 5 | R4: 6 | S4: 7 | T4: 8 | U4: 9 | V4: 10 | W4: 11 | X4: 12
A5: A1 | B5: Diseño | C5: Congelar arquitectura Variante B y criterios de aceptación | D5: PM | E5: 1–2 días | F5: — | G5: BOM final, matriz proveedores, informe conversión | H5: G0: BOM y plan de pruebas aprobados | I5: Pendiente | J5: 0 | K5: 0
A6: B1 | B6: Compras | C6: Pedir largo lead time: tether, penetradores, batería/cargador, Navigator | D6: LOG | E6: 1 día | F6: A1 | G6: Tether 100 m, penetradores/O-rings, batería 4S, cargador, Navigator | H6: Orden y tracking registrados | I6: Pendiente | J6: 1 | K6: 1
A7: B2 | B7: Compras | C7: Pedir propulsión y sensores oficiales | D7: LOG | E7: 1 día | F7: A1 | G7: T200 x6 CW/CCW, Basic ESC x6, Bar30, PSM, Fathom-X par | H7: Orden y tracking registrados | I7: Pendiente | J7: 1 | K7: 1
A8: B3 | B8: Compras | C8: Pedir periferia AliExpress validada | D8: LOG | E8: 1 día | F8: A1 | G8: Raspberry Pi 4, cámara, UBEC, joystick, JST GH, cables, fusibles, microSD, USB Ethernet | H8: Lista de vendedores/listings con criterio | I8: Pendiente | J8: 1 | K8: 1
A9: B4 | B9: Compras | C9: Incoming inspection de todo lo recibido | D9: HW/TEST | E9: continuo | F9: B1-B3 | G9: Multímetro, planilla de inspección | H9: G1: materiales correctos, sin daño, modelo verificado | I9: Pendiente | J9: 1 | K9: 4
A10: C1 | B10: Control | C10: Flashear/verificar BlueOS en Raspberry Pi 4 | D10: SW | E10: 0.5–1 día | F10: Navigator/Pi | G10: Raspberry Pi 4, microSD BlueOS, fuente 5V | H10: BlueOS bootea y expande filesystem | I10: Pendiente | J10: 2 | K10: 2
A11: C2 | B11: Control | C11: Montar Navigator + heatsink y alimentar | D11: HW | E11: 0.5 día | F11: C1 | G11: Navigator, heatsink, fuente 5V | H11: Navigator detectada, sin calentamiento anormal | I11: Pendiente | J11: 2 | K11: 2
A12: C3 | B12: Control | C12: Acceder a BlueOS y actualizar | D12: SW | E12: 0.5 día | F12: C2 | G12: Laptop, Ethernet directo, red 192.168.2.x | H12: Acceso a 192.168.2.2 / blueos.local | I12: Pendiente | J12: 2 | K12: 2
A13: C4 | B13: Control | C13: Instalar ArduSub desde BlueOS | D13: SW | E13: 0.5 día | F13: C3 | G13: BlueOS con internet | H13: ArduSub instalado; versión registrada | I13: Pendiente | J13: 2 | K13: 3
A14: C5 | B14: Control | C14: Conectar QGroundControl/Cockpit y joystick | D14: SW | E14: 1 día | F14: C4 | G14: Laptop, joystick USB, QGC/Cockpit | H14: Telemetría y joystick responden | I14: Pendiente | J14: 3 | K14: 3
A15: C6 | B15: Control | C15: Probar video con BlueOS | D15: SW | E15: 1 día | F15: C3 | G15: Cámara Pi/USB/IP, BlueOS/mavlink-camera-manager | H15: Video estable 30 min | I15: Pendiente | J15: 3 | K15: 3
A16: C7 | B16: Control | C16: Probar Fathom-X en banco | D16: HW/SW | E16: 1 día | F16: Fathom-X | G16: Fathom-X par, tramo tether de prueba | H16: Throughput video + MAVLink sin cortes | I16: Pendiente | J16: 3 | K16: 3
... A37: H3 | B37: Cierre | C37: Checklist pre-dive/post-dive y spares | D37: PM | E37: 0.5–1 día | F37: H1-H2 | G37: Lista de repuestos, consumibles | H37: G7: paquete de operación listo | I37: Pendiente | J37: 12 | K37: 12

Sheet BOM
A1: BOM — Lista de materiales ROV Nivel B (equivalente FIFISH V6)
A2: Build ArduSub clase BlueROV2 (6 thrusters vectored). Costos en USD = ESTIMADOS de planificación, a confirmar contra bom-final-nivel-b.md y matriz-proveedores-rov.md. Azul = dato a editar.
A4: Categoría | B4: Componente | C4: Cant. | D4: Costo unit. est. (USD) | E4: Costo línea | F4: Fuente sugerida | G4: Notas / lección del V6

Sheet Gates
A1: Gates de aceptación — ROV Nivel B
A2: Cada gate es el criterio que habilita la siguiente fase. No avanzar sin cumplirlo.
A4: Gate | B4: Nombre | C4: Criterio | D4: Estado
A5: G0 | B5: Diseño congelado | C5: BOM, variante, presupuesto y plan de pruebas aprobados | D5: Pendiente
A6: G1 | B6: Materiales OK | C6: Todo recibido, inspeccionado y con modelo correcto | D6: Pendiente
A7: G2 | B7: Telemetría/video en banco | C7: BlueOS + ArduSub + GCS + joystick + video estables | D7: Pendiente
A8: G3 | B8: Sensores OK | C8: Bar30, PSM, fuga y failsafes funcionando | D8: Pendiente
A9: G4 | B9: Propulsión OK | C9: 6 motores con mezcla, dirección, consumo y temperatura correctos | D9: Pendiente
A10: G5 | B10: Estanqueidad seca | C10: Prueba de vacío/presión superada antes de agua | D10: Pendiente
A11: G6 | B11: Pool-ready | C11: 30 min acumulados en pileta, failsafes probados, logs limpios | D11: Pendiente
A12: G7 | B12: Handoff | C12: Parámetros, diagramas, checklist y spares documentados | D12: Pendiente

Sheet Riesgos
A1: Matriz de riesgos y mitigaciones — ROV Nivel B
A2: Riesgos priorizados por impacto y semana crítica, con su mitigación.
A4: Riesgo | B4: Semana crítica | C4: Impacto | D4: Mitigación
A5: Batería Li-ion no llega / no se puede enviar | B5: 1–4 | C5: Alto | D5: Comprar local/certificada o definir banco con fuente antes
A6: Tether / penetradores demorados | B6: 1–4 | C6: Alto | D6: Pedir semana 1; tener frame abierto para banco
A7: CW/CCW de hélices incorrecto | B7: 1–6 | C7: Medio | D7: Definir frame antes de comprar T200
A8: Fathom-X / tether no rinde | B8: 3 | C8: Medio | D8: Probar temprano con tramo corto
A9: Fuga en estanqueidad | B9: 8 | C9: Alto | D9: No entrar a agua sin G5; revisar O-rings/penetradores
A10: AliExpress tardío o listing incorrecto | B10: 1–4 | C10: Medio | D10: Solo periferia; tener alternativa local/oficial
A11: Sobrecalentamiento ESC / Raspberry Pi | B11: 5–8 | C11: Medio | D11: Banco térmico, disipación, límites de motor

Sheet Seguridad
A1: Reglas de seguridad del schedule
A2: Reglas duras. Ninguna tarea puede saltearlas.
A4: # | B4: Regla
A5: 1 | B5: No comprar batería hasta confirmar cargador / BMS / envío.
A6: 2 | B6: No instalar hélices hasta verificar dirección de motores.
A7: 3 | B7: No correr thrusters en seco más que lo mínimo indispensable.
A8: 4 | B8: No entrar a agua sin prueba de vacío / presión.
A9: 5 | B9: No usar componentes AliExpress en lazo crítico sin prueba de banco y plan B.
A11: Recordatorios del equipo (README del caso FIFISH V6)
A12: • | B12: Los thrusters no deben girar en aire más de 30 segundos.
A13: • | B13: Enjuagar con agua dulce después de cada inmersión; usar rutina de limpieza de motores (~10 min).
A14: • | B14: Batería: almacenar al 50–60 % y cargar a full cada 90 días si no se usa.
A15: • | B15: O-rings solo con grasa de silicona compatible; nunca base petróleo.
A16: • | B16: Li-ion + agua salada = riesgo térmico: no hacer ciclos de encendido de prueba.
